/*
 Navicat Premium Data Transfer

 Source Server         : localhost
 Source Server Type    : MySQL
 Source Server Version : 80032
 Source Host           : localhost:3306
 Source Schema         : reggie

 Target Server Type    : MySQL
 Target Server Version : 80032
 File Encoding         : 65001

 Date: 17/06/2023 14:53:48
*/

SET NAMES utf8mb4;
SET FOREIGN_KEY_CHECKS = 0;

-- ----------------------------
-- Table structure for address_book
-- ----------------------------
DROP TABLE IF EXISTS `address_book`;
CREATE TABLE `address_book`  (
  `id` bigint NOT NULL COMMENT '主键',
  `user_id` bigint NOT NULL COMMENT '用户id',
  `consignee` varchar(50) CHARACTER SET utf8mb3 COLLATE utf8mb3_bin NOT NULL COMMENT '收货人',
  `sex` tinyint NOT NULL COMMENT '性别 0 女 1 男',
  `phone` varchar(11) CHARACTER SET utf8mb3 COLLATE utf8mb3_bin NOT NULL COMMENT '手机号',
  `province_code` varchar(12) CHARACTER SET utf8mb4 COLLATE utf8mb4_general_ci NULL DEFAULT NULL COMMENT '省级区划编号',
  `province_name` varchar(32) CHARACTER SET utf8mb4 COLLATE utf8mb4_general_ci NULL DEFAULT NULL COMMENT '省级名称',
  `city_code` varchar(12) CHARACTER SET utf8mb4 COLLATE utf8mb4_general_ci NULL DEFAULT NULL COMMENT '市级区划编号',
  `city_name` varchar(32) CHARACTER SET utf8mb4 COLLATE utf8mb4_general_ci NULL DEFAULT NULL COMMENT '市级名称',
  `district_code` varchar(12) CHARACTER SET utf8mb4 COLLATE utf8mb4_general_ci NULL DEFAULT NULL COMMENT '区级区划编号',
  `district_name` varchar(32) CHARACTER SET utf8mb4 COLLATE utf8mb4_general_ci NULL DEFAULT NULL COMMENT '区级名称',
  `detail` varchar(200) CHARACTER SET utf8mb4 COLLATE utf8mb4_general_ci NULL DEFAULT NULL COMMENT '详细地址',
  `label` varchar(100) CHARACTER SET utf8mb4 COLLATE utf8mb4_general_ci NULL DEFAULT NULL COMMENT '标签',
  `is_default` tinyint(1) NOT NULL DEFAULT 0 COMMENT '默认 0 否 1是',
  `create_time` datetime NOT NULL COMMENT '创建时间',
  `update_time` datetime NOT NULL COMMENT '更新时间',
  `create_user` bigint NOT NULL COMMENT '创建人',
  `update_user` bigint NOT NULL COMMENT '修改人',
  `is_deleted` int NOT NULL DEFAULT 0 COMMENT '是否删除',
  PRIMARY KEY (`id`) USING BTREE
) ENGINE = InnoDB CHARACTER SET = utf8mb3 COLLATE = utf8mb3_bin COMMENT = '地址管理' ROW_FORMAT = COMPACT;

-- ----------------------------
-- Records of address_book
-- ----------------------------
INSERT INTO `address_book` VALUES (1417414526093082626, 1417012167126876162, '小明', 1, '13812345678', NULL, NULL, NULL, NULL, NULL, NULL, '昌平区金燕龙办公楼', '公司', 1, '2021-07-20 17:22:12', '2021-07-20 17:26:33', 1417012167126876162, 1417012167126876162, 0);
INSERT INTO `address_book` VALUES (1417414926166769666, 1417012167126876162, '小李', 1, '13512345678', NULL, NULL, NULL, NULL, NULL, NULL, '测试', '家', 0, '2021-07-20 17:23:47', '2021-07-20 17:23:47', 1417012167126876162, 1417012167126876162, 0);
INSERT INTO `address_book` VALUES (1561357838561873921, 1561357240101801986, '尚艺', 1, '13812345678', NULL, NULL, NULL, NULL, NULL, NULL, '广东', '公司', 1, '2022-08-21 22:21:31', '2022-08-21 22:21:34', 1561357240101801986, 1561357240101801986, 0);
INSERT INTO `address_book` VALUES (1567427105805762561, 1, '尚艺', 1, '18686125854', NULL, NULL, NULL, NULL, NULL, NULL, '广东', '公司', 1, '2022-09-07 16:18:38', '2022-09-07 16:18:42', 1, 1, 0);
INSERT INTO `address_book` VALUES (1663240539056742402, 1656330903686758402, 'shangyi', 1, '18686123457', NULL, NULL, NULL, NULL, NULL, NULL, 'shangyi34', '家', 1, '2023-05-30 01:47:01', '2023-06-04 21:28:37', 1656330903686758402, 1656330903686758402, 0);
INSERT INTO `address_book` VALUES (1663240763967905794, 1656330903686758402, 'shangyi', 1, '18686125854', NULL, NULL, NULL, NULL, NULL, NULL, 'shangyi', '公司', 0, '2023-05-30 01:47:54', '2023-05-30 01:47:57', 1656330903686758402, 1656330903686758402, 0);
INSERT INTO `address_book` VALUES (1663727069227483137, 1663726844760915970, '后端开发', 1, '18697675667', NULL, NULL, NULL, NULL, NULL, NULL, '蜀山区', '公司', 1, '2023-05-31 10:00:19', '2023-05-31 10:00:21', 1663726844760915970, 1663726844760915970, 0);
INSERT INTO `address_book` VALUES (1663738258384846850, 1663737724424781825, '后端开发', 1, '18686545678', NULL, NULL, NULL, NULL, NULL, NULL, '蜀山区', '公司', 1, '2023-05-31 10:44:46', '2023-05-31 10:44:48', 1663737724424781825, 1663737724424781825, 0);
INSERT INTO `address_book` VALUES (1663739008074739714, 1663738851581063170, '后端开发', 1, '15767656762', NULL, NULL, NULL, NULL, NULL, NULL, '蜀山区', '公司', 1, '2023-05-31 10:47:45', '2023-05-31 10:47:47', 1663738851581063170, 1663738851581063170, 0);
INSERT INTO `address_book` VALUES (1665033127732461569, 1560533322378059778, 'yi shang', 1, '15854564567', NULL, NULL, NULL, NULL, NULL, NULL, '蜀山区', '公司', 1, '2023-06-04 00:30:07', '2023-06-04 00:30:10', 1560533322378059778, 1560533322378059778, 0);

-- ----------------------------
-- Table structure for category
-- ----------------------------
DROP TABLE IF EXISTS `category`;
CREATE TABLE `category`  (
  `id` bigint NOT NULL COMMENT '主键',
  `type` int NULL DEFAULT NULL COMMENT '类型   1 菜品分类 2 套餐分类',
  `name` varchar(64) CHARACTER SET utf8mb3 COLLATE utf8mb3_bin NOT NULL COMMENT '分类名称',
  `sort` int NOT NULL DEFAULT 0 COMMENT '顺序',
  `create_time` datetime NOT NULL COMMENT '创建时间',
  `update_time` datetime NOT NULL COMMENT '更新时间',
  `create_user` bigint NOT NULL COMMENT '创建人',
  `update_user` bigint NOT NULL COMMENT '修改人',
  PRIMARY KEY (`id`) USING BTREE,
  UNIQUE INDEX `idx_category_name`(`name` ASC) USING BTREE
) ENGINE = InnoDB CHARACTER SET = utf8mb3 COLLATE = utf8mb3_bin COMMENT = '菜品及套餐分类' ROW_FORMAT = COMPACT;

-- ----------------------------
-- Records of category
-- ----------------------------
INSERT INTO `category` VALUES (1397844263642378242, 1, '机箱', 2, '2021-05-27 09:16:58', '2023-05-12 21:51:49', 1, 1);
INSERT INTO `category` VALUES (1413341197421846529, 1, '主板', 11, '2021-07-09 11:36:15', '2021-07-09 14:39:15', 1, 1);
INSERT INTO `category` VALUES (1413342269393674242, 1, '外设', 5, '2021-07-09 11:40:30', '2021-07-09 14:43:45', 1, 1);
INSERT INTO `category` VALUES (1663238401526177794, 2, '我的套餐', 2, '2023-05-30 01:38:31', '2023-05-30 01:38:31', 1, 1);
INSERT INTO `category` VALUES (1663525172524625922, 1, '测试', 123, '2023-05-30 20:38:03', '2023-05-30 20:38:28', 1, 1);

-- ----------------------------
-- Table structure for dish
-- ----------------------------
DROP TABLE IF EXISTS `dish`;
CREATE TABLE `dish`  (
  `id` bigint NOT NULL COMMENT '主键',
  `name` varchar(64) CHARACTER SET utf8mb3 COLLATE utf8mb3_bin NOT NULL COMMENT '菜品名称',
  `category_id` bigint NOT NULL COMMENT '菜品分类id',
  `price` decimal(10, 2) NULL DEFAULT NULL COMMENT '菜品价格',
  `code` varchar(64) CHARACTER SET utf8mb3 COLLATE utf8mb3_bin NOT NULL COMMENT '商品码',
  `image` varchar(200) CHARACTER SET utf8mb3 COLLATE utf8mb3_bin NOT NULL COMMENT '图片',
  `description` varchar(400) CHARACTER SET utf8mb3 COLLATE utf8mb3_bin NULL DEFAULT NULL COMMENT '描述信息',
  `status` int NOT NULL DEFAULT 1 COMMENT '0 停售 1 起售',
  `sort` int NOT NULL DEFAULT 0 COMMENT '顺序',
  `create_time` datetime NOT NULL COMMENT '创建时间',
  `update_time` datetime NOT NULL COMMENT '更新时间',
  `create_user` bigint NOT NULL COMMENT '创建人',
  `update_user` bigint NOT NULL COMMENT '修改人',
  `is_deleted` int NOT NULL DEFAULT 0 COMMENT '是否删除',
  PRIMARY KEY (`id`) USING BTREE,
  UNIQUE INDEX `idx_dish_name`(`name` ASC) USING BTREE
) ENGINE = InnoDB CHARACTER SET = utf8mb3 COLLATE = utf8mb3_bin COMMENT = '菜品管理' ROW_FORMAT = COMPACT;

-- ----------------------------
-- Records of dish
-- ----------------------------
INSERT INTO `dish` VALUES (1397849739276890114, '3090', 1397844303408574465, 7800.00, '222222222', 'a0ed3372-d307-4559-a0ef-cbef41f8a025.jpg', '性能好，价格优惠', 1, 0, '2021-05-27 09:38:43', '2023-05-12 21:52:00', 1, 1, 0);
INSERT INTO `dish` VALUES (1397850140982161409, '4090', 1397844263642378242, 680000.00, '123412341234', '2d0d1e68-a664-4435-9490-d7d777437eb8.jpg', '性能最强', 1, 0, '2021-05-27 09:40:19', '2023-05-12 21:52:47', 1, 1, 0);
INSERT INTO `dish` VALUES (1657037881304182785, '显示器', 1397844391040167938, 2300.00, '', '57aa24a2-5d09-4d8b-9560-7edabc6964b3.png', '测试产品', 1, 0, '2023-05-12 22:59:52', '2023-06-07 22:37:05', 1656330903686758402, 1, 0);
INSERT INTO `dish` VALUES (1663538195884699649, '2', 1397844263642378242, 100000.00, '', '3e5ab468-0228-4b2d-bd7c-f4fe51fd2783.jpg', '测试产品', 1, 0, '2023-05-30 21:29:48', '2023-06-07 22:37:29', 1, 1, 0);

-- ----------------------------
-- Table structure for dish_flavor
-- ----------------------------
DROP TABLE IF EXISTS `dish_flavor`;
CREATE TABLE `dish_flavor`  (
  `id` bigint NOT NULL COMMENT '主键',
  `dish_id` bigint NOT NULL COMMENT '菜品',
  `name` varchar(64) CHARACTER SET utf8mb3 COLLATE utf8mb3_bin NOT NULL COMMENT '口味名称',
  `value` varchar(500) CHARACTER SET utf8mb3 COLLATE utf8mb3_bin NULL DEFAULT NULL COMMENT '口味数据list',
  `create_time` datetime NOT NULL COMMENT '创建时间',
  `update_time` datetime NOT NULL COMMENT '更新时间',
  `create_user` bigint NOT NULL COMMENT '创建人',
  `update_user` bigint NOT NULL COMMENT '修改人',
  `is_deleted` int NOT NULL DEFAULT 0 COMMENT '是否删除',
  PRIMARY KEY (`id`) USING BTREE
) ENGINE = InnoDB CHARACTER SET = utf8mb3 COLLATE = utf8mb3_bin COMMENT = '菜品口味关系表' ROW_FORMAT = COMPACT;

-- ----------------------------
-- Records of dish_flavor
-- ----------------------------
INSERT INTO `dish_flavor` VALUES (1397849417888346113, 1397849417854791681, '价格', '[\"便宜\",\"中等\",\"最贵\"]', '2021-05-27 09:37:27', '2021-05-27 09:37:27', 1, 1, 0);
INSERT INTO `dish_flavor` VALUES (1666454231890120706, 1657037881304182785, '售后', '[\"无首后\"]', '2023-06-07 22:37:05', '2023-06-07 22:37:05', 1, 1, 0);
INSERT INTO `dish_flavor` VALUES (1666454335359406082, 1663538195884699649, '售后', '[\"普通售后\"]', '2023-06-07 22:37:29', '2023-06-07 22:37:29', 1, 1, 0);

-- ----------------------------
-- Table structure for employee
-- ----------------------------
DROP TABLE IF EXISTS `employee`;
CREATE TABLE `employee`  (
  `id` bigint NOT NULL COMMENT '主键',
  `name` varchar(32) CHARACTER SET utf8mb3 COLLATE utf8mb3_bin NOT NULL COMMENT '姓名',
  `username` varchar(32) CHARACTER SET utf8mb3 COLLATE utf8mb3_bin NOT NULL COMMENT '用户名',
  `password` varchar(64) CHARACTER SET utf8mb3 COLLATE utf8mb3_bin NOT NULL COMMENT '密码',
  `phone` varchar(11) CHARACTER SET utf8mb3 COLLATE utf8mb3_bin NOT NULL COMMENT '手机号',
  `sex` varchar(2) CHARACTER SET utf8mb3 COLLATE utf8mb3_bin NOT NULL COMMENT '性别',
  `id_number` varchar(18) CHARACTER SET utf8mb3 COLLATE utf8mb3_bin NOT NULL COMMENT '身份证号',
  `status` int NOT NULL DEFAULT 1 COMMENT '状态 0:禁用，1:正常',
  `create_time` datetime NOT NULL COMMENT '创建时间',
  `update_time` datetime NOT NULL COMMENT '更新时间',
  `create_user` bigint NOT NULL COMMENT '创建人',
  `update_user` bigint NOT NULL COMMENT '修改人',
  PRIMARY KEY (`id`) USING BTREE,
  UNIQUE INDEX `idx_username`(`username` ASC) USING BTREE
) ENGINE = InnoDB CHARACTER SET = utf8mb3 COLLATE = utf8mb3_bin COMMENT = '员工信息' ROW_FORMAT = COMPACT;

-- ----------------------------
-- Records of employee
-- ----------------------------
INSERT INTO `employee` VALUES (1, '管理员', 'admin', 'e10adc3949ba59abbe56e057f20f883e', '13812312312', '1', '110101199001010047', 1, '2021-05-06 17:20:07', '2021-05-10 02:24:09', 1, 1);
INSERT INTO `employee` VALUES (2, '尚艺', 'shangyi', 'e10adc3949ba59abbe56e057f20f883e', '18686125854', '1', '150222200105013210', 1, '2022-07-30 00:41:34', '2023-06-10 16:20:58', 1, 1);

-- ----------------------------
-- Table structure for order_detail
-- ----------------------------
DROP TABLE IF EXISTS `order_detail`;
CREATE TABLE `order_detail`  (
  `id` bigint NOT NULL COMMENT '主键',
  `name` varchar(50) CHARACTER SET utf8mb3 COLLATE utf8mb3_bin NULL DEFAULT NULL COMMENT '名字',
  `image` varchar(100) CHARACTER SET utf8mb3 COLLATE utf8mb3_bin NULL DEFAULT NULL COMMENT '图片',
  `order_id` bigint NOT NULL COMMENT '订单id',
  `dish_id` bigint NULL DEFAULT NULL COMMENT '菜品id',
  `setmeal_id` bigint NULL DEFAULT NULL COMMENT '套餐id',
  `dish_flavor` varchar(50) CHARACTER SET utf8mb3 COLLATE utf8mb3_bin NULL DEFAULT NULL COMMENT '口味',
  `number` int NOT NULL DEFAULT 1 COMMENT '数量',
  `amount` decimal(10, 2) NOT NULL COMMENT '金额',
  PRIMARY KEY (`id`) USING BTREE
) ENGINE = InnoDB CHARACTER SET = utf8mb3 COLLATE = utf8mb3_bin COMMENT = '订单明细表' ROW_FORMAT = COMPACT;

-- ----------------------------
-- Records of order_detail
-- ----------------------------
INSERT INTO `order_detail` VALUES (1663727132305620993, '套餐一', '1107c3b5-02b1-433a-a772-3f397ce962e3.jpg', 1663727132242706434, NULL, 1663238513560231937, NULL, 1, 1232.00);
INSERT INTO `order_detail` VALUES (1663729806610628610, '套餐一', '1107c3b5-02b1-433a-a772-3f397ce962e3.jpg', 1663729806610628609, NULL, 1663238513560231937, NULL, 1, 1232.00);
INSERT INTO `order_detail` VALUES (1663729806610628611, '2', '3e5ab468-0228-4b2d-bd7c-f4fe51fd2783.jpg', 1663729806610628609, 1663538195884699649, NULL, NULL, 1, 1.00);
INSERT INTO `order_detail` VALUES (1663783488035323905, '4090', '2d0d1e68-a664-4435-9490-d7d777437eb8.jpg', 1663783487871746050, 1397850140982161409, NULL, NULL, 0, 6800.00);
INSERT INTO `order_detail` VALUES (1663783488035323906, '套餐一', '1107c3b5-02b1-433a-a772-3f397ce962e3.jpg', 1663783487871746050, NULL, 1663238513560231937, NULL, 1, 1232.00);
INSERT INTO `order_detail` VALUES (1663784009064349699, '套餐一', '1107c3b5-02b1-433a-a772-3f397ce962e3.jpg', 1663784009064349698, NULL, 1663238513560231937, NULL, 1, 1232.00);
INSERT INTO `order_detail` VALUES (1663790540031909890, '套餐一', '1107c3b5-02b1-433a-a772-3f397ce962e3.jpg', 1663790539901886465, NULL, 1663238513560231937, NULL, 1, 1232.00);
INSERT INTO `order_detail` VALUES (1663791608174219266, '套餐一', '1107c3b5-02b1-433a-a772-3f397ce962e3.jpg', 1663791608107110402, NULL, 1663238513560231937, NULL, 1, 1232.00);
INSERT INTO `order_detail` VALUES (1663792559433977858, '套餐一', '1107c3b5-02b1-433a-a772-3f397ce962e3.jpg', 1663792559433977857, NULL, 1663238513560231937, NULL, 1, 1232.00);
INSERT INTO `order_detail` VALUES (1663792788828852226, '套餐一', '1107c3b5-02b1-433a-a772-3f397ce962e3.jpg', 1663792788828852225, NULL, 1663238513560231937, NULL, 1, 1232.00);
INSERT INTO `order_detail` VALUES (1663793477600690177, '套餐一', '1107c3b5-02b1-433a-a772-3f397ce962e3.jpg', 1663793477533581314, NULL, 1663238513560231937, NULL, 1, 1232.00);
INSERT INTO `order_detail` VALUES (1663794632514981891, '套餐一', '1107c3b5-02b1-433a-a772-3f397ce962e3.jpg', 1663794632514981890, NULL, 1663238513560231937, NULL, 1, 1232.00);
INSERT INTO `order_detail` VALUES (1663794865638592514, '套餐一', '1107c3b5-02b1-433a-a772-3f397ce962e3.jpg', 1663794865638592513, NULL, 1663238513560231937, NULL, 1, 1232.00);
INSERT INTO `order_detail` VALUES (1664908454210424833, '4090', '2d0d1e68-a664-4435-9490-d7d777437eb8.jpg', 1664908453975543810, 1397850140982161409, NULL, NULL, 1, 6800.00);
INSERT INTO `order_detail` VALUES (1664962069092417539, '套餐一', '1107c3b5-02b1-433a-a772-3f397ce962e3.jpg', 1664962069092417538, NULL, 1663238513560231937, NULL, 1, 1232.00);
INSERT INTO `order_detail` VALUES (1665006747263238147, '2', '3e5ab468-0228-4b2d-bd7c-f4fe51fd2783.jpg', 1665006747263238146, 1663538195884699649, NULL, NULL, 1, 1.00);
INSERT INTO `order_detail` VALUES (1665007111349796866, '2', '3e5ab468-0228-4b2d-bd7c-f4fe51fd2783.jpg', 1665007111349796865, 1663538195884699649, NULL, NULL, 1, 1.00);
INSERT INTO `order_detail` VALUES (1665011085855465474, '套餐一', '1107c3b5-02b1-433a-a772-3f397ce962e3.jpg', 1665011085809328130, NULL, 1663238513560231937, NULL, 1, 1232.00);
INSERT INTO `order_detail` VALUES (1665043511805849602, '套餐一', '1107c3b5-02b1-433a-a772-3f397ce962e3.jpg', 1665043511776489473, NULL, 1663238513560231937, NULL, 1, 1232.00);
INSERT INTO `order_detail` VALUES (1665057276819419137, '2', '3e5ab468-0228-4b2d-bd7c-f4fe51fd2783.jpg', 1665057276798447617, 1663538195884699649, NULL, NULL, 1, 1.00);
INSERT INTO `order_detail` VALUES (1665057276819419138, '套餐一', '1107c3b5-02b1-433a-a772-3f397ce962e3.jpg', 1665057276798447617, NULL, 1663238513560231937, NULL, 1, 1232.00);
INSERT INTO `order_detail` VALUES (1665057416925949954, '套餐一', '1107c3b5-02b1-433a-a772-3f397ce962e3.jpg', 1665057416925949953, NULL, 1663238513560231937, NULL, 1, 1232.00);
INSERT INTO `order_detail` VALUES (1665058550579212291, '套餐一', '1107c3b5-02b1-433a-a772-3f397ce962e3.jpg', 1665058550579212290, NULL, 1663238513560231937, NULL, 1, 1232.00);
INSERT INTO `order_detail` VALUES (1665349548500848642, '套餐一', '1107c3b5-02b1-433a-a772-3f397ce962e3.jpg', 1665349548307910657, NULL, 1663238513560231937, NULL, 1, 1232.00);
INSERT INTO `order_detail` VALUES (1666117315118243843, '2', '3e5ab468-0228-4b2d-bd7c-f4fe51fd2783.jpg', 1666117315118243842, 1663538195884699649, NULL, NULL, 1, 1.00);
INSERT INTO `order_detail` VALUES (1666117315118243844, '4090', '2d0d1e68-a664-4435-9490-d7d777437eb8.jpg', 1666117315118243842, 1397850140982161409, NULL, NULL, 1, 6800.00);
INSERT INTO `order_detail` VALUES (1666117895224041473, '套餐一', '1107c3b5-02b1-433a-a772-3f397ce962e3.jpg', 1666117895152738305, NULL, 1663238513560231937, NULL, 1, 1232.00);
INSERT INTO `order_detail` VALUES (1666817219339870210, '套餐一', '1107c3b5-02b1-433a-a772-3f397ce962e3.jpg', 1666817219276955650, NULL, 1663238513560231937, NULL, 1, 1232.00);
INSERT INTO `order_detail` VALUES (1666817219339870211, '4090', '2d0d1e68-a664-4435-9490-d7d777437eb8.jpg', 1666817219276955650, 1397850140982161409, NULL, NULL, 1, 6800.00);
INSERT INTO `order_detail` VALUES (1666817219339870212, '2', '3e5ab468-0228-4b2d-bd7c-f4fe51fd2783.jpg', 1666817219276955650, 1663538195884699649, NULL, '普通售后', 1, 1000.00);
INSERT INTO `order_detail` VALUES (1666822655409496067, '套餐一', '1107c3b5-02b1-433a-a772-3f397ce962e3.jpg', 1666822655409496066, NULL, 1663238513560231937, NULL, 1, 1232.00);
INSERT INTO `order_detail` VALUES (1666822807734034434, '套餐一', '1107c3b5-02b1-433a-a772-3f397ce962e3.jpg', 1666822807666925570, NULL, 1663238513560231937, NULL, 1, 1232.00);
INSERT INTO `order_detail` VALUES (1666824172141142019, '套餐一', '1107c3b5-02b1-433a-a772-3f397ce962e3.jpg', 1666824172141142018, NULL, 1663238513560231937, NULL, 1, 1232.00);
INSERT INTO `order_detail` VALUES (1666847025821405185, '2', '3e5ab468-0228-4b2d-bd7c-f4fe51fd2783.jpg', 1666847025779462146, 1663538195884699649, NULL, '普通售后', 1, 1000.00);
INSERT INTO `order_detail` VALUES (1669925614682988546, '套餐一', '1107c3b5-02b1-433a-a772-3f397ce962e3.jpg', 1669925614653628417, NULL, 1663238513560231937, NULL, 1, 1232.00);
INSERT INTO `order_detail` VALUES (1669932702746279938, '2', '3e5ab468-0228-4b2d-bd7c-f4fe51fd2783.jpg', 1669932702733697025, 1663538195884699649, NULL, '普通售后', 1, 1000.00);

-- ----------------------------
-- Table structure for orders
-- ----------------------------
DROP TABLE IF EXISTS `orders`;
CREATE TABLE `orders`  (
  `id` bigint NOT NULL COMMENT '主键',
  `number` varchar(50) CHARACTER SET utf8mb3 COLLATE utf8mb3_bin NULL DEFAULT NULL COMMENT '订单号',
  `status` int NOT NULL DEFAULT 1 COMMENT '订单状态 1待付款，2待派送，3已派送，4已完成，5已取消',
  `user_id` bigint NULL DEFAULT NULL COMMENT '下单用户',
  `address_book_id` bigint NOT NULL COMMENT '地址id',
  `order_time` datetime NOT NULL COMMENT '下单时间',
  `checkout_time` datetime NOT NULL COMMENT '结账时间',
  `pay_method` int NULL DEFAULT 1 COMMENT '支付方式 1微信,2支付宝',
  `amount` decimal(10, 2) NOT NULL COMMENT '实收金额',
  `remark` varchar(100) CHARACTER SET utf8mb3 COLLATE utf8mb3_bin NULL DEFAULT NULL COMMENT '备注',
  `phone` varchar(255) CHARACTER SET utf8mb3 COLLATE utf8mb3_bin NULL DEFAULT NULL COMMENT '电话',
  `address` varchar(255) CHARACTER SET utf8mb3 COLLATE utf8mb3_bin NULL DEFAULT NULL COMMENT '地址',
  `user_name` varchar(255) CHARACTER SET utf8mb3 COLLATE utf8mb3_bin NULL DEFAULT NULL COMMENT '用户姓名',
  `consignee` varchar(255) CHARACTER SET utf8mb3 COLLATE utf8mb3_bin NULL DEFAULT NULL COMMENT '收货人',
  PRIMARY KEY (`id`) USING BTREE
) ENGINE = InnoDB CHARACTER SET = utf8mb3 COLLATE = utf8mb3_bin COMMENT = '订单表' ROW_FORMAT = COMPACT;

-- ----------------------------
-- Records of orders
-- ----------------------------
INSERT INTO `orders` VALUES (1561357879934488577, '1561357879934488577', 3, 1561357240101801986, 1561357838561873921, '2022-08-21 22:21:41', '2022-08-21 22:21:41', 1, 126.00, '', '13812345678', '广东', NULL, '尚艺');
INSERT INTO `orders` VALUES (1561358004283019265, '1561358004283019265', 2, 1561357240101801986, 1561357838561873921, '2022-08-21 22:22:11', '2022-08-21 22:22:11', 1, 40.00, '', '13812345678', '广东', NULL, '尚艺');
INSERT INTO `orders` VALUES (1561358489471717377, '1561358489471717377', 2, 1561357240101801986, 1561357838561873921, '2022-08-21 22:24:07', '2022-08-21 22:24:07', 1, 118.00, '', '13812345678', '广东', NULL, '尚艺');
INSERT INTO `orders` VALUES (1663727132242706434, '1663727132242706434', 2, 1663726844760915970, 1663727069227483137, '2023-05-31 10:00:34', '2023-05-31 10:00:34', 1, 1232.00, '', '18697675667', '蜀山区', NULL, '后端开发');
INSERT INTO `orders` VALUES (1663729806610628609, '1663729806610628609', 2, 1663726844760915970, 1663727069227483137, '2023-05-31 10:11:11', '2023-05-31 10:11:11', 1, 1233.00, '', '18697675667', '蜀山区', NULL, '后端开发');
INSERT INTO `orders` VALUES (1663783487871746050, '1663783487871746050', 2, 1656330903686758402, 1663240763967905794, '2023-05-31 13:44:30', '2023-05-31 13:44:30', 1, 1232.00, '', '18686125854', 'shangyi', 'we', 'shangyi');
INSERT INTO `orders` VALUES (1663784009064349698, '1663784009064349698', 2, 1656330903686758402, 1663240763967905794, '2023-05-31 13:46:34', '2023-05-31 13:46:34', 1, 1232.00, '', '18686125854', 'shangyi', 'we', 'shangyi');
INSERT INTO `orders` VALUES (1663790539901886465, '1663790539901886465', 2, 1656330903686758402, 1663240763967905794, '2023-05-31 14:12:31', '2023-05-31 14:12:31', 1, 1232.00, '', '18686125854', 'shangyi', 'we', 'shangyi');
INSERT INTO `orders` VALUES (1663791608107110402, '1663791608107110402', 2, 1656330903686758402, 1663240763967905794, '2023-05-31 14:16:46', '2023-05-31 14:16:46', 1, 1232.00, '', '18686125854', 'shangyi', 'we', 'shangyi');
INSERT INTO `orders` VALUES (1663792559433977857, '1663792559433977857', 2, 1656330903686758402, 1663240763967905794, '2023-05-31 14:20:33', '2023-05-31 14:20:33', 1, 1232.00, '', '18686125854', 'shangyi', 'we', 'shangyi');
INSERT INTO `orders` VALUES (1663792788828852225, '1663792788828852225', 2, 1656330903686758402, 1663240763967905794, '2023-05-31 14:21:27', '2023-05-31 14:21:27', 1, 1232.00, '', '18686125854', 'shangyi', 'we', 'shangyi');
INSERT INTO `orders` VALUES (1663793477533581314, '1663793477533581314', 2, 1656330903686758402, 1663240763967905794, '2023-05-31 14:24:12', '2023-05-31 14:24:12', 1, 1232.00, '', '18686125854', 'shangyi', 'we', 'shangyi');
INSERT INTO `orders` VALUES (1663794632514981890, '1663794632514981890', 2, 1656330903686758402, 1663240763967905794, '2023-05-31 14:28:47', '2023-05-31 14:28:47', 1, 1232.00, '', '18686125854', 'shangyi', 'we', 'shangyi');
INSERT INTO `orders` VALUES (1663794865638592513, '1663794865638592513', 2, 1656330903686758402, 1663240763967905794, '2023-05-31 14:29:42', '2023-05-31 14:29:42', 1, 1232.00, '', '18686125854', 'shangyi', 'we', 'shangyi');
INSERT INTO `orders` VALUES (1664908453975543810, '1664908453975543810', 2, 1656330903686758402, 1663240763967905794, '2023-06-03 16:14:43', '2023-06-03 16:14:43', 1, 6800.00, '', '18686125854', 'shangyi', 'we', 'shangyi');
INSERT INTO `orders` VALUES (1664962069092417538, '1664962069092417538', 2, 1656330903686758402, 1663240763967905794, '2023-06-03 19:47:45', '2023-06-03 19:47:45', 1, 1232.00, '', '18686125854', 'shangyi', 'we', 'shangyi');
INSERT INTO `orders` VALUES (1665006747263238146, '1665006747263238146', 2, 1656330903686758402, 1663240763967905794, '2023-06-03 22:45:18', '2023-06-03 22:45:18', 1, 1.00, '', '18686125854', 'shangyi', 'we', 'shangyi');
INSERT INTO `orders` VALUES (1665007111349796865, '1665007111349796865', 2, 1656330903686758402, 1663240763967905794, '2023-06-03 22:46:44', '2023-06-03 22:46:44', 1, 1.00, '', '18686125854', 'shangyi', 'we', 'shangyi');
INSERT INTO `orders` VALUES (1665011085809328130, '1665011085809328130', 2, 1656330903686758402, 1663240763967905794, '2023-06-03 23:02:32', '2023-06-03 23:02:32', 1, 1232.00, '', '18686125854', 'shangyi', 'we', 'shangyi');
INSERT INTO `orders` VALUES (1665043511776489473, '1665043511776489473', 2, 1656330903686758402, 1663240763967905794, '2023-06-04 01:11:23', '2023-06-04 01:11:23', 1, 1232.00, '', '18686125854', 'shangyi', 'ni', 'shangyi');
INSERT INTO `orders` VALUES (1665057276798447617, '1665057276798447617', 2, 1656330903686758402, 1663240763967905794, '2023-06-04 02:06:05', '2023-06-04 02:06:05', 1, 1233.00, '', '18686125854', 'shangyi', 'ni', 'shangyi');
INSERT INTO `orders` VALUES (1665057416925949953, '1665057416925949953', 2, 1656330903686758402, 1663240763967905794, '2023-06-04 02:06:38', '2023-06-04 02:06:38', 1, 1232.00, '', '18686125854', 'shangyi', 'ni', 'shangyi');
INSERT INTO `orders` VALUES (1665058550579212290, '1665058550579212290', 2, 1656330903686758402, 1663240763967905794, '2023-06-04 02:11:08', '2023-06-04 02:11:08', 1, 1232.00, '', '18686125854', 'shangyi', 'ni', 'shangyi');
INSERT INTO `orders` VALUES (1665349548307910657, '1665349548307910657', 2, 1656330903686758402, 1663240763967905794, '2023-06-04 21:27:28', '2023-06-04 21:27:28', 1, 1232.00, '', '18686125854', 'shangyi', 'ni', 'shangyi');
INSERT INTO `orders` VALUES (1666117315118243842, '1666117315118243842', 2, 1656330903686758402, 1663240539056742402, '2023-06-07 00:18:18', '2023-06-07 00:18:18', 1, 6801.00, '', '18686123457', 'shangyi34', 'ni', 'shangyi');
INSERT INTO `orders` VALUES (1666117895152738305, '1666117895152738305', 2, 1656330903686758402, 1663240539056742402, '2023-06-07 00:20:36', '2023-06-07 00:20:36', 1, 1232.00, '', '18686123457', 'shangyi34', 'ni', 'shangyi');
INSERT INTO `orders` VALUES (1666817219276955650, '1666817219276955650', 2, 1656330903686758402, 1663240539056742402, '2023-06-08 22:39:28', '2023-06-08 22:39:28', 1, 9032.00, '', '18686123457', 'shangyi34', 'ni', 'shangyi');
INSERT INTO `orders` VALUES (1666822655409496066, '1666822655409496066', 2, 1656330903686758402, 1663240539056742402, '2023-06-08 23:01:04', '2023-06-08 23:01:04', 1, 1232.00, '', '18686123457', 'shangyi34', 'ni', 'shangyi');
INSERT INTO `orders` VALUES (1666822807666925570, '1666822807666925570', 2, 1656330903686758402, 1663240539056742402, '2023-06-08 23:01:40', '2023-06-08 23:01:40', 1, 1232.00, '', '18686123457', 'shangyi34', 'ni', 'shangyi');
INSERT INTO `orders` VALUES (1666824172141142018, '1666824172141142018', 2, 1656330903686758402, 1663240539056742402, '2023-06-08 23:07:05', '2023-06-08 23:07:05', 1, 1232.00, '', '18686123457', 'shangyi34', 'ni', 'shangyi');
INSERT INTO `orders` VALUES (1666847025779462146, '1666847025779462146', 2, 1656330903686758402, 1663240539056742402, '2023-06-09 00:37:54', '2023-06-09 00:37:54', 1, 1000.00, '', '18686123457', 'shangyi34', 'ni', 'shangyi');
INSERT INTO `orders` VALUES (1669925614653628417, '1669925614653628417', 2, 1656330903686758402, 1663240539056742402, '2023-06-17 12:31:07', '2023-06-17 12:31:07', 1, 1232.00, '', '18686123457', 'shangyi34', 'ni', 'shangyi');
INSERT INTO `orders` VALUES (1669932702733697025, '1669932702733697025', 2, 1656330903686758402, 1663240539056742402, '2023-06-17 12:59:17', '2023-06-17 12:59:17', 1, 1000.00, '', '18686123457', 'shangyi34', 'ni', 'shangyi');

-- ----------------------------
-- Table structure for setmeal
-- ----------------------------
DROP TABLE IF EXISTS `setmeal`;
CREATE TABLE `setmeal`  (
  `id` bigint NOT NULL COMMENT '主键',
  `category_id` bigint NOT NULL COMMENT '菜品分类id',
  `name` varchar(64) CHARACTER SET utf8mb3 COLLATE utf8mb3_bin NOT NULL COMMENT '套餐名称',
  `price` decimal(10, 2) NOT NULL COMMENT '套餐价格',
  `status` int NULL DEFAULT NULL COMMENT '状态 0:停用 1:启用',
  `code` varchar(32) CHARACTER SET utf8mb3 COLLATE utf8mb3_bin NULL DEFAULT NULL COMMENT '编码',
  `description` varchar(512) CHARACTER SET utf8mb3 COLLATE utf8mb3_bin NULL DEFAULT NULL COMMENT '描述信息',
  `image` varchar(255) CHARACTER SET utf8mb3 COLLATE utf8mb3_bin NULL DEFAULT NULL COMMENT '图片',
  `create_time` datetime NOT NULL COMMENT '创建时间',
  `update_time` datetime NOT NULL COMMENT '更新时间',
  `create_user` bigint NOT NULL COMMENT '创建人',
  `update_user` bigint NOT NULL COMMENT '修改人',
  `is_deleted` int NOT NULL DEFAULT 0 COMMENT '是否删除',
  PRIMARY KEY (`id`) USING BTREE,
  UNIQUE INDEX `idx_setmeal_name`(`name` ASC) USING BTREE
) ENGINE = InnoDB CHARACTER SET = utf8mb3 COLLATE = utf8mb3_bin COMMENT = '套餐' ROW_FORMAT = COMPACT;

-- ----------------------------
-- Records of setmeal
-- ----------------------------
INSERT INTO `setmeal` VALUES (1663238513560231937, 1663238401526177794, '套餐一', 123200.00, 1, '', '大甩卖', '1107c3b5-02b1-433a-a772-3f397ce962e3.jpg', '2023-05-30 01:38:58', '2023-05-30 01:38:58', 1, 1, 0);

-- ----------------------------
-- Table structure for setmeal_dish
-- ----------------------------
DROP TABLE IF EXISTS `setmeal_dish`;
CREATE TABLE `setmeal_dish`  (
  `id` bigint NOT NULL COMMENT '主键',
  `setmeal_id` varchar(32) CHARACTER SET utf8mb3 COLLATE utf8mb3_bin NOT NULL COMMENT '套餐id ',
  `dish_id` varchar(32) CHARACTER SET utf8mb3 COLLATE utf8mb3_bin NOT NULL COMMENT '菜品id',
  `name` varchar(32) CHARACTER SET utf8mb3 COLLATE utf8mb3_bin NULL DEFAULT NULL COMMENT '菜品名称 （冗余字段）',
  `price` decimal(10, 2) NULL DEFAULT NULL COMMENT '菜品原价（冗余字段）',
  `copies` int NOT NULL COMMENT '份数',
  `sort` int NOT NULL DEFAULT 0 COMMENT '排序',
  `create_time` datetime NOT NULL COMMENT '创建时间',
  `update_time` datetime NOT NULL COMMENT '更新时间',
  `create_user` bigint NOT NULL COMMENT '创建人',
  `update_user` bigint NOT NULL COMMENT '修改人',
  `is_deleted` int NOT NULL DEFAULT 0 COMMENT '是否删除',
  PRIMARY KEY (`id`) USING BTREE
) ENGINE = InnoDB CHARACTER SET = utf8mb3 COLLATE = utf8mb3_bin COMMENT = '套餐菜品关系' ROW_FORMAT = COMPACT;

-- ----------------------------
-- Records of setmeal_dish
-- ----------------------------
INSERT INTO `setmeal_dish` VALUES (1415580119052894209, '1415580119015145474', '1397862198033297410', '显存', 49800.00, 1, 0, '2021-07-15 15:52:55', '2021-07-15 15:52:55', 1415576781934608386, 1415576781934608386, 0);
INSERT INTO `setmeal_dish` VALUES (1415580119061282817, '1415580119015145474', '1413342036832100354', 'cpu', 500.00, 1, 0, '2021-07-15 15:52:55', '2021-07-15 15:52:55', 1415576781934608386, 1415576781934608386, 0);
INSERT INTO `setmeal_dish` VALUES (1415580119069671426, '1415580119015145474', '1413385247889891330', 'GPU', 200.00, 1, 0, '2021-07-15 15:52:55', '2021-07-15 15:52:55', 1415576781934608386, 1415576781934608386, 0);
INSERT INTO `setmeal_dish` VALUES (1663238513627340801, '1663238513560231937', '1397850140982161409', '4090', 680000.00, 1, 0, '2023-05-30 01:38:58', '2023-05-30 01:38:58', 1, 1, 0);

-- ----------------------------
-- Table structure for shopping_cart
-- ----------------------------
DROP TABLE IF EXISTS `shopping_cart`;
CREATE TABLE `shopping_cart`  (
  `id` bigint NOT NULL COMMENT '主键',
  `name` varchar(50) CHARACTER SET utf8mb3 COLLATE utf8mb3_bin NULL DEFAULT NULL COMMENT '名称',
  `image` varchar(100) CHARACTER SET utf8mb3 COLLATE utf8mb3_bin NULL DEFAULT NULL COMMENT '图片',
  `user_id` bigint NOT NULL COMMENT '主键',
  `dish_id` bigint NULL DEFAULT NULL COMMENT '菜品id',
  `setmeal_id` bigint NULL DEFAULT NULL COMMENT '套餐id',
  `dish_flavor` varchar(50) CHARACTER SET utf8mb3 COLLATE utf8mb3_bin NULL DEFAULT NULL COMMENT '口味',
  `number` int NOT NULL DEFAULT 1 COMMENT '数量',
  `amount` decimal(10, 2) NOT NULL COMMENT '金额',
  `create_time` datetime NULL DEFAULT NULL COMMENT '创建时间',
  PRIMARY KEY (`id`) USING BTREE
) ENGINE = InnoDB CHARACTER SET = utf8mb3 COLLATE = utf8mb3_bin COMMENT = '购物车' ROW_FORMAT = COMPACT;

-- ----------------------------
-- Records of shopping_cart
-- ----------------------------
INSERT INTO `shopping_cart` VALUES (1657040604250550274, '3090', 'a0ed3372-d307-4559-a0ef-cbef41f8a025.jpg', 1, 1397849739276890114, NULL, NULL, 1, 78.00, '2023-05-12 23:10:41');
INSERT INTO `shopping_cart` VALUES (1663737759598215170, '套餐一', '1107c3b5-02b1-433a-a772-3f397ce962e3.jpg', 1663737724424781825, NULL, 1663238513560231937, NULL, 1, 1232.00, '2023-05-31 10:42:47');
INSERT INTO `shopping_cart` VALUES (1663737770813784065, '2', '3e5ab468-0228-4b2d-bd7c-f4fe51fd2783.jpg', 1663737724424781825, 1663538195884699649, NULL, NULL, 1, 1.00, '2023-05-31 10:42:50');
INSERT INTO `shopping_cart` VALUES (1663738877703188482, '套餐一', '1107c3b5-02b1-433a-a772-3f397ce962e3.jpg', 1663738851581063170, NULL, 1663238513560231937, NULL, 1, 1232.00, '2023-05-31 10:47:14');
INSERT INTO `shopping_cart` VALUES (1665029058133508097, '套餐一', '1107c3b5-02b1-433a-a772-3f397ce962e3.jpg', 1560533322378059778, NULL, 1663238513560231937, NULL, 1, 1232.00, '2023-06-04 00:13:57');
INSERT INTO `shopping_cart` VALUES (1669932935014252545, '套餐一', '1107c3b5-02b1-433a-a772-3f397ce962e3.jpg', 1656330903686758402, NULL, 1663238513560231937, NULL, 1, 1232.00, '2023-06-17 13:00:12');

-- ----------------------------
-- Table structure for user
-- ----------------------------
DROP TABLE IF EXISTS `user`;
CREATE TABLE `user`  (
  `id` bigint NOT NULL COMMENT '主键',
  `name` varchar(50) CHARACTER SET utf8mb3 COLLATE utf8mb3_bin NULL DEFAULT NULL COMMENT '姓名',
  `phone` varchar(100) CHARACTER SET utf8mb3 COLLATE utf8mb3_bin NOT NULL COMMENT '手机号',
  `sex` varchar(2) CHARACTER SET utf8mb3 COLLATE utf8mb3_bin NULL DEFAULT NULL COMMENT '性别',
  `id_number` varchar(18) CHARACTER SET utf8mb3 COLLATE utf8mb3_bin NULL DEFAULT NULL COMMENT '身份证号',
  `avatar` varchar(500) CHARACTER SET utf8mb3 COLLATE utf8mb3_bin NULL DEFAULT NULL COMMENT '头像',
  `status` int NULL DEFAULT 0 COMMENT '状态 0:禁用，1:正常',
  `scores` int NULL DEFAULT NULL COMMENT '个人积分',
  `money` int NULL DEFAULT NULL COMMENT '个人余额',
  PRIMARY KEY (`id`) USING BTREE
) ENGINE = InnoDB CHARACTER SET = utf8mb3 COLLATE = utf8mb3_bin COMMENT = '用户信息' ROW_FORMAT = COMPACT;

-- ----------------------------
-- Records of user
-- ----------------------------
INSERT INTO `user` VALUES (123213213, 'fgh', '13456789678', '1', NULL, NULL, 0, 123, 100);
INSERT INTO `user` VALUES (1656330903686758402, 'ni', '18686125854', '1', NULL, NULL, 0, 10, 22);

SET FOREIGN_KEY_CHECKS = 1;
